{
  "posts": [
    {
      "id": 1,
      "title": "json-server",
      "author": "typicode"
    },
    {
      "id": 2,
      "title": "garvit-server",
      "author": "typicode"
    },
    {
      "id": 3,
      "title": "darshil-server",
      "author": "typicode"
    },
    {
      "id": 4,
      "title": "chiku-server",
      "author": "typicode"
    }
  ],
  "comments": [
    {
      "id": 1,
      "body": "some comment",
      "postId": 1
    }
  ],
  "profile": {
    "name": "typicode"
  }
}
